City_ID,City,Lat,Lng,Max Temp,Humidity,Cloudiness,Wind Speed,Country,Date
0,tiksi,71.6872,128.8694,12.92,55,85,6.49,RU,1689583645
1,krasnokholmskiy,55.9873,55.0466,22.47,63,99,4.2,RU,1689583646
2,port-aux-francais,-49.35,70.2167,1.55,95,100,15.1,TF,1689583646
3,vorgashor,67.5833,63.95,16.57,81,100,6.07,RU,1689583646
4,talnakh,69.4865,88.3972,10.67,86,100,5.0,RU,1689583646
5,waingapu,-9.6567,120.2641,26.44,65,2,6.56,ID,1689583646
6,fangshan,39.6983,115.9925,38.04,18,0,4.63,CN,1689583647
7,puerto ayora,-0.7393,-90.3518,24.75,95,45,0.89,EC,1689583647
8,wailua homesteads,22.0669,-159.378,25.44,88,100,7.2,US,1689583647
9,tomatlan,19.9333,-105.25,25.32,96,96,0.61,MX,1689583647
10,fort bragg,35.139,-79.006,23.44,93,0,1.54,US,1689583647
11,farah,32.5,62.5,40.21,5,0,3.03,AF,1689583648
12,whitehorse,60.7161,-135.0538,18.43,52,100,6.69,CA,1689583648
13,badger,64.8,-147.5333,17.95,75,100,4.63,US,1689583648
14,la passe,45.5549,-0.8967,21.12,58,1,1.44,FR,1689583648
15,bafoulabe,13.8065,-10.8321,26.6,75,100,1.15,ML,1689583649
16,kangding,30.0513,101.9603,18.92,73,91,3.57,CN,1689583649
17,port mathurin,-19.6833,63.4167,23.28,77,35,12.17,MU,1689583649
18,hithadhoo,-0.6,73.0833,28.22,69,83,1.46,MV,1689583649
19,port elizabeth,-33.918,25.5701,18.16,68,0,0.51,ZA,1689583649
20,yellowknife,62.456,-114.3525,19.2,68,100,4.12,CA,1689583622
21,tindouf,27.6711,-8.1474,34.25,29,20,3.09,DZ,1689583650
22,blackmans bay,-43.0167,147.3167,13.07,69,100,3.69,AU,1689583650
23,utrik,11.2278,169.8474,28.25,80,39,6.97,MH,1689583650
24,geraldton,-28.7667,114.6,18.23,55,0,5.14,AU,1689583650
25,waitangi,-43.9535,-176.5597,8.23,88,6,0.45,NZ,1689583651
26,port hueneme,34.1478,-119.1951,22.32,92,100,2.57,US,1689583651
27,qamdo,31.1667,97.2333,11.81,59,76,2.46,CN,1689583651
28,kodiak,57.79,-152.4072,11.73,87,100,3.6,US,1689583651
29,chengde,40.9725,117.9361,34.48,24,10,1.35,CN,1689583652
30,sparti,37.0733,22.4297,35.67,23,0,4.68,GR,1689583652
31,bredasdorp,-34.5322,20.0403,17.48,67,100,3.08,ZA,1689583652
32,bethel,41.3712,-73.414,23.28,80,100,0.0,US,1689583652
33,nikolayevsk-on-amure,53.1406,140.73,23.65,58,1,1.93,RU,1689583652
34,ralston,41.2053,-96.0425,20.82,93,0,4.12,US,1689583653
35,roma,43.2128,-75.4557,19.29,95,0,2.57,US,1689583388
36,lenino,45.2986,35.7771,28.13,35,0,4.73,UA,1689583653
37,afaahiti,-17.75,-149.2833,21.93,64,5,3.31,PF,1689583653
38,isafjordur,66.0755,-23.124,6.02,93,100,0.0,IS,1689583654
39,walvis bay,-22.9575,14.5053,28.53,17,0,8.23,NA,1689583654
40,la paz,-16.5,-68.15,3.65,73,20,1.03,BO,1689583478
41,stanley,54.868,-1.6985,18.21,65,20,7.72,GB,1689583654
42,avarua,-21.2078,-159.775,20.03,73,100,1.03,CK,1689583654
43,labrador city,52.9463,-66.9114,17.95,94,100,2.06,CA,1689583654
44,pacific grove,36.6177,-121.9166,17.12,92,0,1.34,US,1689583655
45,baruun-urt,46.6806,113.2792,31.93,20,32,5.31,MN,1689583655
46,irbit,57.6705,63.071,25.28,48,57,4.82,RU,1689583655
47,yerofey pavlovich,53.9667,121.9667,30.53,32,65,2.84,RU,1689583655
48,shanhaiguan,39.9988,119.7564,28.65,53,0,3.93,CN,1689583655
49,gorontalo,0.5412,123.0595,26.65,77,100,1.74,ID,1689583656
50,iskateley,67.6803,53.1512,21.5,48,8,6.61,RU,1689583656
51,edinburgh of the seven seas,-37.0676,-12.3116,12.9,66,23,9.94,SH,1689583656
52,coquimbo,-29.9533,-71.3436,8.85,100,75,1.03,CL,1689583656
53,atafu village,-8.5421,-172.5159,28.64,78,11,7.7,TK,1689583656
54,papatowai,-46.5619,169.4708,10.67,82,84,8.23,NZ,1689583656
55,minas de marcona,-15.2119,-75.1103,12.07,86,86,4.34,PE,1689583657
56,ostersund,63.1792,14.6357,19.78,54,0,12.07,SE,1689583657
57,qorveh,35.1664,47.8045,29.74,14,0,2.79,IR,1689583657
58,west island,-12.1568,96.8225,25.99,65,75,8.75,CC,1689583657
59,gulma,12.6423,4.3555,31.6,53,99,3.81,NG,1689583657
60,peniche,39.3558,-9.3811,22.27,75,0,7.5,PT,1689583658
61,santa ana de yacuma,-13.75,-65.4333,21.01,75,9,2.15,BO,1689583658
62,uturoa,-16.7333,-151.4333,25.63,65,9,5.36,PF,1689583658
63,grytviken,-54.2811,-36.5092,-5.84,89,89,1.97,GS,1689583658
64,vila velha,-20.3297,-40.2925,17.97,95,0,2.06,BR,1689583658
65,saipan,15.1355,145.701,30.39,100,40,5.14,MP,1689583658
66,ballina,-28.8667,153.5667,14.88,77,29,3.09,AU,1689583659
67,shingu,33.7333,135.9833,29.89,70,0,1.76,JP,1689583659
68,tabou,4.423,-7.3528,25.68,84,97,4.36,CI,1689583659
69,alushta,44.6667,34.4167,26.63,46,0,0.81,UA,1689583659
70,abreus,22.2775,-80.5675,26.17,89,73,2.79,CU,1689583659
71,kuanda,56.3161,116.0806,26.74,52,46,1.83,RU,1689583660
72,margate,51.3813,1.3862,19.27,66,56,4.92,GB,1689583634
73,egilsstadir,65.2653,-14.3948,8.95,71,75,6.17,IS,1689583660
74,chabahar,25.2919,60.643,30.42,74,3,5.2,IR,1689583660
75,ola,59.5833,151.2833,13.78,91,37,2.2,RU,1689583660
76,sandnessjoen,66.0217,12.6316,16.29,77,75,7.72,NO,1689583660
77,lihue,21.9789,-159.3672,25.77,84,100,7.2,US,1689583661
78,bilibino,68.0546,166.4372,22.94,47,100,2.11,RU,1689583661
79,al wafrah,28.6392,47.9306,46.8,5,0,4.76,KW,1689583412
80,arkhangel'sk,64.5401,40.5433,26.79,36,45,4.36,RU,1689583661
81,ilulissat,69.2167,-51.1,5.01,100,100,2.06,GL,1689583661
82,es castell,39.8795,4.2854,28.38,78,40,6.17,ES,1689583661
83,freetown,8.484,-13.2299,24.84,94,75,4.12,SL,1689583533
84,invercargill,-46.4,168.35,10.43,82,90,7.56,NZ,1689583662
85,bel ombre,-4.6167,55.4167,27.91,74,20,6.69,SC,1689583662
86,shimanovsk,52.0,127.7,31.12,33,36,1.08,RU,1689583662
87,arraial do cabo,-22.9661,-42.0278,19.92,94,0,2.06,BR,1689583662
88,tazovsky,67.4667,78.7,19.98,53,35,7.22,RU,1689583663
89,kharp,66.8014,65.8081,17.25,75,100,3.95,RU,1689583663
90,tsrar sharif,33.8667,74.7667,27.99,51,28,1.7,IN,1689583663
91,caxito,-8.5785,13.6643,28.58,53,10,1.6,AO,1689583663
92,kapuskasing,49.4169,-82.4331,11.05,100,75,1.54,CA,1689583663
93,paradip garh,20.3167,86.6167,30.3,70,94,6.11,IN,1689583664
94,constantia,44.1833,28.65,30.39,52,0,5.31,RO,1689583501
95,hawaiian paradise park,19.5933,-154.9731,22.8,95,100,2.57,US,1689583664
96,hermanus,-34.4187,19.2345,16.54,73,86,3.78,ZA,1689583664
97,tirmiz,37.2242,67.2783,38.05,14,0,4.12,UZ,1689583664
98,punta arenas,-53.15,-70.9167,3.06,81,0,4.63,CL,1689583627
99,oriximina,-1.7656,-55.8661,23.92,75,90,1.33,BR,1689583664
100,port lincoln,-34.7333,135.8667,10.55,68,0,4.04,AU,1689583665
101,saint-pierre,-21.3393,55.4781,25.32,78,0,11.83,RE,1689583665
102,ushuaia,-54.8,-68.3,2.81,70,0,3.6,AR,1689583665
103,inhambane,-23.865,35.3833,20.99,73,0,0.0,MZ,1689583665
104,punta del este,-34.9667,-54.95,9.06,72,75,8.49,UY,1689583665
105,adamstown,-25.066,-130.1015,21.78,65,100,4.81,PN,1689583666
106,aasiaat,68.7098,-52.8699,2.79,95,99,2.39,GL,1689583666
107,iqaluit,63.7506,-68.5145,5.85,100,100,4.12,CA,1689583546
108,selma,36.5708,-119.6121,31.88,74,0,3.09,US,1689583666
109,thompson,55.7435,-97.8558,14.09,88,100,1.54,CA,1689583666
110,college,64.8569,-147.8028,17.99,71,75,4.63,US,1689583666
111,touros,-5.1989,-35.4608,22.79,87,7,4.62,BR,1689583667
112,alice springs,-23.7,133.8833,19.75,30,40,3.09,AU,1689583667
113,rongelap,11.1635,166.8941,28.11,81,93,7.01,MH,1689583667
114,nova sintra,14.8667,-24.7167,22.68,83,99,6.04,CV,1689583667
115,vadso,70.0744,29.7487,20.49,77,40,3.6,NO,1689583668
116,mulayjah,27.271,48.4242,47.35,4,0,5.11,SA,1689583668
117,mahibadhoo,3.7833,72.9667,28.81,74,100,6.15,MV,1689583668
118,pisco,-13.7,-76.2167,18.03,77,100,2.57,PE,1689583668
119,severo-yeniseyskiy,60.3725,93.0408,20.25,35,8,3.85,RU,1689583669
120,carnarvon,-24.8667,113.6333,19.64,41,0,5.38,AU,1689583669
121,kidal,18.4411,1.4078,35.37,29,7,2.18,ML,1689583669
122,juneau,58.3019,-134.4197,14.12,100,100,3.6,US,1689583511
123,suntar,62.1444,117.6319,21.77,66,92,3.83,RU,1689583669
124,sovetskiy,61.3614,63.5842,25.44,34,100,3.62,RU,1689583670
125,mana,5.6592,-53.7767,23.91,93,46,2.78,GF,1689583670
126,las vegas,36.175,-115.1372,37.88,17,0,3.58,US,1689583538
127,malvan,16.0667,73.4667,27.02,85,100,7.87,IN,1689583670
128,puerto natales,-51.7236,-72.4875,-0.7,90,100,2.28,CL,1689583630
129,georgetown,5.4112,100.3354,32.97,70,40,4.63,MY,1689583618
130,richards bay,-28.783,32.0377,22.08,55,0,3.49,ZA,1689583671
131,longyearbyen,78.2186,15.6401,7.91,57,20,8.75,SJ,1689583671
132,sitka,57.0531,-135.33,12.94,94,100,1.54,US,1689583379
133,khandyga,62.6667,135.6,19.08,43,65,1.07,RU,1689583671
134,necochea,-38.5473,-58.7368,6.06,67,92,7.58,AR,1689583672
135,vydrino,51.485,104.8461,16.66,95,100,2.61,RU,1689583672
136,port augusta,-32.5,137.7667,12.5,49,0,2.76,AU,1689583672
137,ladovskaya balka,45.6297,41.4023,25.7,42,94,5.24,RU,1689583672
138,mombetsu,44.3525,143.3525,15.45,94,86,2.86,JP,1689583672
139,saldanha,-33.0117,17.9442,13.03,78,87,1.05,ZA,1689583672
140,albany,42.6001,-73.9662,20.73,94,0,1.36,US,1689583517
141,ulaangom,49.9811,92.0667,28.95,21,14,3.28,MN,1689583673
142,petropavlovsk-kamchatsky,53.0452,158.6483,14.33,88,75,3.0,RU,1689583673
143,lebanon,36.2081,-86.2911,22.34,94,20,0.0,US,1689583541
144,acarau,-2.8856,-40.12,24.74,79,6,7.17,BR,1689583657
145,sauteurs,12.2167,-61.6333,26.39,82,15,8.14,GD,1689583673
146,constitucion,-35.3333,-72.4167,7.6,56,100,1.72,CL,1689583674
147,magadi,12.9667,77.2333,28.09,47,98,8.0,IN,1689583674
148,alta,69.9689,23.2717,20.59,49,40,6.69,NO,1689583674
149,acajutla,13.5928,-89.8275,26.56,75,100,1.98,SV,1689583674
150,enewetak,11.3474,162.3373,28.29,79,78,6.74,MH,1689583674
151,smithers,54.7804,-127.1743,11.18,100,75,0.0,CA,1689583405
152,itoman,26.1247,127.6694,30.01,79,75,10.8,JP,1689583675
153,vilyuchinsk,52.9306,158.4028,15.15,93,88,1.48,RU,1689583675
154,hadibu,12.65,54.0333,27.33,67,76,12.46,YE,1689583675
155,ribeira grande,38.5167,-28.7,20.22,77,75,2.06,PT,1689583675
156,filadelfia,39.9523,-75.1638,23.95,94,0,3.09,US,1689583502
157,happy valley-goose bay,53.3168,-60.3315,21.17,78,75,3.09,CA,1689583610
158,akureyri,65.6835,-18.0878,7.96,76,75,1.54,IS,1689583676
159,el bauga,18.262,33.9081,41.24,12,6,3.74,SD,1689583676
160,archangelos,36.2149,28.1149,29.62,39,0,1.03,GR,1689583676
161,tura,25.5198,90.2201,26.52,88,99,1.85,IN,1689583676
162,pangai,-19.8,-174.35,22.87,69,94,8.11,TO,1689583676
163,margaret river,-33.95,115.0667,15.46,75,63,1.24,AU,1689583677
164,portland,45.5234,-122.6762,18.12,73,0,5.14,US,1689583673
165,gassol,8.5333,10.4667,30.75,59,11,2.84,NG,1689583677
166,berezovyy,51.6667,135.7,23.87,61,58,1.4,RU,1689583677
167,marks,51.7111,46.7486,23.27,50,89,6.78,RU,1689583677
168,namibe,-15.1961,12.1522,27.49,36,0,0.76,AO,1689583677
169,benguela,-12.5763,13.4055,26.16,60,1,1.82,AO,1689583557
170,kralendijk,12.15,-68.2667,26.99,83,20,4.63,BQ,1689583678
171,agat village,13.3886,144.6585,29.52,80,20,4.63,GU,1689583678
172,hamilton,39.1834,-84.5333,21.69,92,0,4.12,US,1689583529
173,anadyr,64.75,177.4833,23.28,40,0,3.0,RU,1689583678
174,cabo san lucas,22.8909,-109.9124,28.62,82,2,3.13,MX,1689583678
175,arteche,12.2645,125.4048,28.08,84,94,1.85,PH,1689583679
176,kabalo,-6.05,26.9167,31.38,26,5,4.51,CD,1689583679
177,jamestown,42.097,-79.2353,19.77,100,75,2.06,US,1689583612
178,howard springs,-12.497,131.047,30.95,37,73,0.07,AU,1689583679
179,kindu,-2.95,25.95,33.47,26,49,2.72,CD,1689583679
180,midvagur,62.0511,-7.1939,8.46,93,100,8.75,FO,1689583679
181,lompoc,34.6391,-120.4579,13.66,96,100,2.06,US,1689583680
182,holualoa,19.6228,-155.9522,24.91,87,100,2.57,US,1689583680
183,nishinoomote,30.7333,131.0,29.31,94,75,4.63,JP,1689583680
184,horta,38.5333,-28.6333,19.8,83,75,2.06,PT,1689583680
185,mount gambier,-37.8333,140.7667,6.35,90,0,2.37,AU,1689583680
186,taltal,-25.4,-70.4833,14.83,79,100,1.4,CL,1689583681
187,shendi,16.6915,33.4341,39.21,24,3,6.4,SD,1689583681
188,petropavlovka,50.6114,105.3196,20.35,83,49,2.28,RU,1689583681
189,siloam springs,36.1881,-94.5405,23.42,99,40,0.0,US,1689583681
190,ust-nera,64.5667,143.2,17.44,39,52,2.98,RU,1689583681
191,pangody,65.85,74.4859,26.3,34,100,9.61,RU,1689583682
192,loen,7.7601,168.2307,28.6,73,87,7.02,MH,1689583682
193,polyarnyy,69.1989,33.4478,19.15,63,98,6.36,RU,1689583682
194,castillos,-34.1667,-53.8333,4.06,80,30,3.64,UY,1689583682
195,port alfred,-33.5906,26.891,18.99,67,46,0.89,ZA,1689583682
196,newman,37.3138,-121.0208,28.92,44,93,1.99,US,1689583683
197,ubatuba,-23.4339,-45.0711,18.98,75,69,1.1,BR,1689583683
198,yanchep,-31.55,115.6833,19.07,60,4,0.44,AU,1689583683
199,klyuchi,52.2667,79.1667,28.75,33,72,3.29,RU,1689583683
200,oamaru,-45.0784,170.9801,10.77,59,80,4.57,NZ,1689583683
201,terenozek,45.05,64.9833,39.25,13,0,4.42,KZ,1689583684
202,kasongo-lunda,-6.4667,16.8167,32.26,19,2,3.15,CD,1689583684
203,chui,-33.6971,-53.4616,3.95,84,14,3.8,UY,1689583684
204,cotacachi,0.3,-78.2667,12.75,89,98,2.04,EC,1689583684
205,bardai,11.65,7.2333,29.22,54,97,3.11,NG,1689583685
206,az zulfi,26.2995,44.8154,43.19,4,0,2.66,SA,1689583685
207,novaya igirma,57.1334,103.9112,22.13,56,100,1.6,RU,1689583685
208,nema,57.5067,50.5011,23.85,46,1,5.68,RU,1689583685
209,mahina,-17.5065,-149.489,22.87,73,0,1.54,PF,1689583685
210,qaqortoq,60.7167,-46.0333,7.38,93,100,0.6,GL,1689583686
211,oskarshamn,57.2645,16.4484,21.66,44,90,6.01,SE,1689583686
212,port blair,11.6667,92.75,30.02,74,100,6.17,IN,1689583686
213,radashkovichy,54.1551,27.2424,25.04,67,58,3.44,BY,1689583686
214,labuan,5.2767,115.2417,31.2,70,20,3.13,MY,1689583686
215,bairnsdale,-37.8333,147.6167,7.25,87,0,1.62,AU,1689583686
216,malango,-2.9627,119.9001,21.86,77,59,1.35,ID,1689583687
217,rancho murieta,38.5019,-121.0947,31.67,43,0,3.09,US,1689583687
218,ancud,-41.8697,-73.8203,1.96,88,14,3.57,CL,1689583687
219,aigio,38.2486,22.0819,36.23,33,0,3.26,GR,1689583687
220,queenstown,-31.8976,26.8753,18.55,25,31,5.56,ZA,1689583688
221,bourbon-lancy,46.6221,3.7695,19.83,51,40,1.5,FR,1689583688
222,alofi,-19.0595,-169.9187,19.94,94,100,2.57,NU,1689583688
223,lupane,-18.9315,27.807,22.15,16,3,4.8,ZW,1689583688
224,east london,-33.0153,27.9116,21.52,49,0,2.57,ZA,1689583688
225,nadi,-17.8,177.4167,23.0,78,75,2.57,FJ,1689583689
226,inashiki,35.9563,140.3236,36.12,56,2,0.89,JP,1689583690
227,cidreira,-30.1811,-50.2056,9.65,81,8,3.95,BR,1689583690
228,kenora,49.8167,-94.4337,13.54,82,100,3.6,CA,1689583690
229,sinan,34.8262,126.1086,26.06,94,91,7.79,KR,1689583691
230,deschutes river woods,43.9915,-121.3584,17.6,64,0,0.0,US,1689583691
231,gadzhiyevo,69.2551,33.3362,19.82,62,96,6.58,RU,1689583691
232,christchurch,-43.5333,172.6333,9.71,83,27,0.51,NZ,1689583691
233,st. thomas,42.7736,-81.1804,16.94,82,82,2.94,CA,1689583553
234,besisahar,28.2313,84.3761,26.34,91,100,1.11,NP,1689583692
235,ishim,56.1128,69.4902,26.12,42,100,5.67,RU,1689583692
236,toliara,-23.35,43.6667,25.2,50,14,4.71,MG,1689583692
237,saint-philippe,-21.3585,55.7679,24.77,81,41,6.76,RE,1689583692
238,calama,-22.4667,-68.9333,4.27,20,100,7.72,CL,1689583563
239,luderitz,-26.6481,15.1594,22.56,39,0,1.25,NA,1689583693
240,udachny,66.4167,112.4,10.25,81,100,3.5,RU,1689583693
241,kirensk,57.7853,108.1119,19.18,86,100,2.82,RU,1689583693
242,jauja,-11.7758,-75.4966,4.89,87,13,1.52,PE,1689583693
243,piti village,13.4626,144.6933,29.49,80,20,4.63,GU,1689583693
244,siverskiy,59.3544,30.0783,20.37,84,95,2.71,RU,1689583694
245,yaren,-0.5472,166.916,28.84,75,38,4.53,NR,1689583694
246,puerto carreno,6.189,-67.4859,23.65,94,100,2.24,CO,1689583694
247,lebu,-37.6167,-73.65,5.17,69,46,0.92,CL,1689583639
248,ban na san,8.8004,99.3637,26.79,80,100,3.87,TH,1689583694
249,kapa'a,22.0752,-159.319,26.18,87,100,7.2,US,1689583614
250,papao,-17.75,-149.55,22.82,62,6,2.97,PF,1689583695
251,colonia,50.9333,6.95,23.1,52,20,4.12,DE,1689583695
252,salinopolis,-0.6136,-47.3561,25.56,87,28,5.13,BR,1689583695
253,soni,-4.85,38.3667,21.03,56,36,3.64,TZ,1689583696
254,kingston,17.997,-76.7936,27.53,87,20,2.57,JM,1689583696
255,la rioja,42.25,-2.5,16.88,57,1,2.79,ES,1689583696
256,namdrik,5.5994,168.1028,28.72,72,96,7.51,MH,1689583696
257,hirtshals,57.5881,9.9592,16.42,78,100,8.78,DK,1689583696
258,tahe,52.3333,124.7333,32.11,23,18,3.6,CN,1689583697
259,susuman,62.7833,148.1667,16.12,60,94,2.55,RU,1689583697
260,howrah,22.5892,88.3103,28.0,89,100,5.14,IN,1689583603
261,ilha de mocambique,-15.0342,40.7358,25.17,65,3,8.23,MZ,1689583697
262,galliano,29.4422,-90.2992,26.0,89,0,0.0,US,1689583697
263,cristuru secuiesc,46.2833,25.0333,31.62,38,0,1.41,RO,1689583697
264,yuzhno-kurilsk,44.0306,145.8556,13.79,91,66,1.71,RU,1689583698
265,firuzabad,28.8438,52.5707,39.2,6,0,4.91,IR,1689583698
266,cabedelo,-6.9811,-34.8339,22.37,80,1,4.37,BR,1689583698
267,badiyah,22.45,58.8,41.94,21,61,4.87,OM,1689583698
268,weno,7.4515,151.8468,26.97,89,100,2.06,FM,1689583699
269,bikenibeu village,1.3673,173.1241,28.98,79,75,1.54,KI,1689583699
270,brisas de zicatela,15.8369,-97.0419,25.88,83,100,2.12,MX,1689583699
271,ghanzi,-21.5667,21.7833,20.86,21,0,4.74,BW,1689583699
272,bianzhuang,34.8486,118.0447,29.6,58,46,6.22,CN,1689583699
273,olonkinbyen,70.9221,-8.7187,4.32,98,100,8.66,SJ,1689583700
274,uyar,55.81,94.3153,21.31,59,42,3.52,RU,1689583700
275,tarnogskiy gorodok,60.4997,43.5761,25.6,47,14,2.12,RU,1689583700
276,inhapi,-9.2214,-37.7486,18.7,94,87,1.3,BR,1689583700
277,beyneu,45.3167,55.2,28.92,30,100,4.7,KZ,1689583700
278,choibalsan,48.0667,114.5,32.36,20,92,4.66,MN,1689583700
279,vallenar,-28.5708,-70.7581,12.19,48,0,1.05,CL,1689583701
280,barra de santo antonio,-9.4047,-35.5072,21.6,85,68,3.31,BR,1689583701
281,guerrero negro,27.9769,-114.0611,20.11,84,94,3.16,MX,1689583429
282,east ballina,-28.8667,153.5833,14.89,76,30,3.31,AU,1689583701
283,kabanjahe,3.1001,98.4908,22.05,82,87,1.57,ID,1689583624
284,espanola,35.9911,-106.0806,25.89,42,0,0.47,US,1689583702
285,siwa oasis,29.2041,25.5195,36.25,20,0,3.42,EG,1689583702
286,novodvinsk,64.4165,40.8122,27.18,34,61,4.34,RU,1689583702
287,codrington,-38.2667,141.9667,7.5,87,0,3.96,AU,1689583702
288,zubtsov,56.1753,34.5894,25.9,42,87,2.62,RU,1689583702
289,kijang,35.2442,129.2139,26.85,87,100,4.33,KR,1689583703
290,nangomba,-10.9,38.5,28.74,34,0,3.23,TZ,1689583703
291,ketchikan,55.3422,-131.6461,14.26,94,100,2.06,US,1689583703
292,hofors,60.5457,16.2867,20.45,67,93,6.28,SE,1689583703
293,windhoek,-22.5594,17.0832,18.01,29,0,2.24,NA,1689583703
294,diplo,24.4667,69.584,34.99,47,32,7.41,PK,1689583704
295,kayangel,8.0823,134.7173,28.67,79,100,5.86,PW,1689583704
296,haiku-pauwela,20.9219,-156.3051,25.01,71,20,7.2,US,1689583704
297,neryungri,56.6709,124.6491,27.1,50,35,4.73,RU,1689583704
298,micheweni,-4.9667,39.8333,27.1,65,4,7.16,TZ,1689583704
299,kembe,4.6228,21.8865,31.13,55,42,0.92,CF,1689583705
300,tianshui,34.5439,105.6897,29.06,38,8,6.76,CN,1689583705
301,ta`u,-14.2336,-169.5144,27.14,78,15,6.86,AS,1689583705
302,al bardiyah,31.7561,25.0865,30.75,47,0,4.09,LY,1689583705
303,askoy,60.4092,5.226,15.16,100,75,5.66,NO,1689583706
304,dolisie,-4.1997,12.6739,27.28,57,46,1.21,CG,1689583706
305,cradock,-32.1642,25.6192,17.47,29,62,4.91,ZA,1689583706
306,wamba,8.9333,8.6,29.08,66,20,1.48,NG,1689583706
307,georgiyevka,43.0369,74.7114,36.02,23,0,6.0,KZ,1689583706
308,buka,40.8108,69.1986,40.72,10,0,2.82,UZ,1689583707
309,lake albert,-35.1667,147.3833,10.34,87,0,1.22,AU,1689583707
310,kabare,-2.4683,28.8242,23.85,41,53,3.11,CD,1689583707
311,mournies,35.4764,24.0092,29.22,58,0,3.09,GR,1689583707
312,francisco i. madero,29.7059,-107.8043,19.6,59,51,1.75,MX,1689583707
313,cam ranh,11.9214,109.1591,33.98,52,75,0.0,VN,1689583707
314,berezovo,63.9381,65.0419,27.95,31,95,6.33,RU,1689583708
315,qa'en,33.7265,59.1844,34.46,13,0,9.41,IR,1689583708
316,linqiong,30.4159,103.4609,33.9,57,2,1.08,CN,1689583708
317,keflavik,64.0049,-22.5624,10.24,66,0,6.69,IS,1689583708
318,zhalantun,48.0,122.7167,25.43,69,100,3.14,CN,1689583709
319,cannonvale,-20.2833,148.7,20.66,76,5,8.31,AU,1689583709
320,remire-montjoly,4.9167,-52.2667,23.02,100,75,1.03,GF,1689583709
321,fale old settlement,-9.3852,-171.2468,28.71,76,44,7.94,TK,1689583709
322,pyapon,16.2833,95.6833,27.61,81,78,6.32,MM,1689583710
323,longboat key,27.4125,-82.659,30.56,60,0,4.12,US,1689583710
324,revda,56.801,59.9303,17.73,90,100,3.64,RU,1689583710
325,ha'il,27.5219,41.6907,40.01,9,0,8.23,SA,1689583678
326,edirne,41.6772,26.556,32.67,24,0,2.37,TR,1689583710
327,pyu,18.4833,96.4333,29.03,81,100,2.62,MM,1689583711
328,las tablas,7.7667,-80.2833,24.92,91,100,0.98,PA,1689583711
329,lorengau,-2.0226,147.2712,27.8,77,72,4.14,PG,1689583711
330,denov,38.2667,67.9,41.15,8,0,5.29,UZ,1689583711
331,san salvador,13.6894,-89.1872,21.13,100,97,1.45,SV,1689583712
332,gaiman,-43.2897,-65.4929,-0.7,51,0,4.32,AR,1689583712
333,naze,28.3667,129.4833,28.51,85,61,6.43,JP,1689583712
334,kayyerkan,69.3786,87.7439,10.72,100,100,9.0,RU,1689583713
335,camana,-16.6228,-72.7111,16.42,88,92,3.84,PE,1689583713
336,al faw,29.9776,48.4741,47.0,13,0,6.97,IQ,1689583714
337,fisterra,42.9049,-9.2629,19.3,69,2,7.61,ES,1689583714
338,jinan,36.6683,116.9972,35.24,29,0,4.33,CN,1689583714
339,kerikeri,-35.2268,173.9474,9.39,89,10,2.18,NZ,1689583714
340,bukavu,-2.5083,28.8608,24.45,40,60,3.13,CD,1689583715
341,cascais,38.6979,-9.4215,21.76,68,20,15.2,PT,1689583715
342,salinas de hidalgo,22.6333,-101.7167,14.51,90,8,5.24,MX,1689583576
343,palikir - national government center,6.9248,158.1611,25.41,89,100,1.03,FM,1689583715
344,ashland,40.8167,-82.2665,19.99,96,96,3.24,US,1689583715
345,cestos city,5.46,-9.5828,25.96,80,84,1.63,LR,1689583715
346,hausjarvi,60.7833,24.9333,20.33,45,97,4.93,FI,1689583716
347,anton lizardo,19.05,-95.9833,24.56,83,100,0.14,MX,1689583716
348,kasane,-17.8167,25.15,22.1,24,2,4.84,BW,1689583716
349,piton saint-leu,-21.2196,55.3151,24.04,78,0,11.83,RE,1689583716
350,port sudan,19.6175,37.2164,40.53,26,100,2.15,SD,1689583716
351,karak,31.1667,35.75,31.63,19,0,5.88,JO,1689583717
352,bahia blanca,-38.7196,-62.2724,-0.66,80,2,1.79,AR,1689583717
353,coyhaique,-45.5752,-72.0662,-6.03,93,100,0.0,CL,1689583684
354,santa marta de ortigueira,43.6833,-7.85,18.47,82,1,6.22,ES,1689583717
355,placido de castro,-10.3353,-67.1856,23.92,69,78,0.99,BR,1689583717
356,laguna,38.421,-121.4238,29.98,45,0,3.09,US,1689583718
357,meadow lakes,61.6247,-149.6011,12.89,96,100,0.0,US,1689583718
358,ust-tsilma,65.441,52.1498,25.8,34,4,3.16,RU,1689583718
359,ji'an,27.1172,114.9793,29.36,77,84,2.09,CN,1689583718
360,kudahuvadhoo,2.6708,72.8944,28.87,73,96,5.81,MV,1689583718
361,pangkalanbuun,-2.6833,111.6167,30.48,57,98,2.76,ID,1689583719
362,prince albert,53.2001,-105.7677,6.97,93,75,3.6,CA,1689583719
363,nantucket,41.2835,-70.0995,22.78,99,75,4.12,US,1689583630
364,gisborne,-38.6533,178.0042,8.37,80,1,2.87,NZ,1689583719
365,naberezhnyye chelny,55.7561,52.4289,19.49,84,100,5.12,RU,1689583719
366,belmonte,-15.8631,-38.8828,21.43,90,38,1.14,BR,1689583720
367,morehead city,34.7229,-76.726,27.78,90,0,0.0,US,1689583517
368,el porvenir,13.7617,-87.3458,21.63,87,92,2.96,HN,1689583720
369,mamou,10.5,-12.0,22.02,95,100,1.15,GN,1689583720
370,funafuti,-8.5243,179.1942,29.0,84,40,3.09,TV,1689583720
371,sechura,-5.5569,-80.8222,21.35,83,23,3.73,PE,1689583721
372,tsiombe,-25.3,45.4833,27.22,37,19,0.94,MG,1689583721
373,hampton bays,40.869,-72.5176,23.92,99,100,2.06,US,1689583721
374,san antonio de pale,-1.4014,5.6325,23.11,82,47,4.88,GQ,1689583721
375,esil,51.9556,66.4042,31.6,23,91,7.37,KZ,1689583721
376,al khawr,25.7667,51.3167,45.09,11,0,8.25,QA,1689583721
377,hasaki,35.7333,140.8333,32.94,75,4,3.91,JP,1689583722
378,flin flon,54.7682,-101.865,12.13,74,50,2.23,CA,1689583722
379,ocean shores,46.9737,-124.1563,16.27,95,100,3.09,US,1689583722
380,erenhot,43.6475,111.9767,35.02,11,22,4.79,CN,1689583722
381,ambato boeny,-16.4667,46.7167,32.27,33,1,4.2,MG,1689583722
382,carutapera,-1.195,-46.02,23.85,92,15,2.66,BR,1689583722
383,ust'-ilimsk,58.0006,102.6619,23.62,44,96,4.51,RU,1689583723
384,chonchi,-42.6128,-73.8092,-0.49,93,11,0.59,CL,1689583723
385,itaituba,-4.2761,-55.9836,20.82,81,33,0.93,BR,1689583723
386,winters,38.5249,-121.9708,27.79,45,0,3.09,US,1689583723
387,nadym,65.5333,72.5167,26.57,35,100,10.23,RU,1689583723
388,bangassou,4.7413,22.8184,32.97,45,0,0.57,CF,1689583724
389,shahrak,34.1074,64.3052,29.08,8,0,4.45,AF,1689583724
390,karlshamn,56.1706,14.8619,18.27,53,79,6.79,SE,1689583724
391,argo,37.6333,22.7333,33.21,27,0,6.36,GR,1689583724
392,lincoln city,44.9582,-124.0179,17.2,88,99,0.45,US,1689583724
393,kyaukse,21.6,96.1333,36.0,49,75,3.6,MM,1689583724
394,sabang,5.8933,95.3214,28.52,77,89,11.42,ID,1689583725
395,quepos,9.4236,-84.1652,24.73,87,100,1.55,CR,1689583725
396,pontes e lacerda,-15.2261,-59.3353,18.28,75,10,0.43,BR,1689583725
397,peterhead,57.5058,-1.7981,13.58,82,100,5.7,GB,1689583725
398,hunchun,42.8675,130.3581,23.4,81,39,2.29,CN,1689583725
399,guozhen,34.3659,107.359,34.12,34,7,5.08,CN,1689583725
400,twon-brass,4.3151,6.2418,26.2,82,98,2.61,NG,1689583726
401,as sulayyil,20.4607,45.5779,43.14,6,56,5.52,SA,1689583726
402,qarazhal,48.0078,70.7903,34.72,16,71,2.08,KZ,1689583726
403,ulanhot,46.0833,122.0833,26.17,55,55,1.57,CN,1689583726
404,port antonio,18.18,-76.4612,27.95,85,23,2.51,JM,1689583727
405,zaozersk,69.4005,32.4476,20.4,59,98,7.25,RU,1689583727
406,camayenne,9.535,-13.6878,25.05,100,100,1.03,GN,1689583727
407,new norfolk,-42.7826,147.0587,13.72,66,89,4.09,AU,1689583727
408,solnechnyy,50.7214,136.6319,19.85,79,97,1.22,RU,1689583727
409,mangrol,21.1167,70.1167,29.83,73,29,7.05,IN,1689583727
410,igarka,67.4667,86.5833,11.47,59,100,5.17,RU,1689583728
411,kandi,11.1342,2.9386,29.93,60,98,1.88,BJ,1689583728
412,jiuquan,39.7432,98.5174,35.43,10,0,6.05,CN,1689583728
413,togur,58.3631,82.8265,24.51,37,52,1.68,RU,1689583728
414,praia da vitoria,38.7333,-27.0667,20.42,88,75,3.52,PT,1689583728
415,cajazeiras,-6.8903,-38.5553,19.0,83,2,1.82,BR,1689583729
416,sao joao da barra,-21.6403,-41.0511,19.24,78,96,2.23,BR,1689583729
417,i-n-salah,27.1935,2.4607,39.14,8,0,6.05,DZ,1689583729
418,tuy hoa,13.0833,109.3,31.62,57,100,7.66,VN,1689583729
419,celestun,20.8667,-90.4,26.03,81,18,4.06,MX,1689583729
420,ouadda,8.0777,22.4007,28.27,65,25,2.3,CF,1689583730
421,parambu,-6.2111,-40.6944,16.5,80,6,1.39,BR,1689583730
422,lubao,14.9167,120.55,28.04,87,100,3.5,PH,1689583730
423,luau,-10.7073,22.2247,26.1,25,0,3.58,AO,1689583730
424,yeppoon,-23.1333,150.7333,20.88,79,42,8.2,AU,1689583730
425,tadine,-21.55,167.8833,20.55,74,100,8.45,NC,1689583730
426,tromso,69.6496,18.957,18.01,63,20,1.03,NO,1689583731
427,kruisfontein,-34.0033,24.7314,19.59,43,66,2.45,ZA,1689583731
428,ponta delgada,37.7333,-25.6667,19.4,82,75,4.63,PT,1689583731
429,birjand,32.8663,59.2211,38.26,7,0,10.8,IR,1689583731
430,helena-west helena,34.5291,-90.59,23.95,81,0,2.75,US,1689583731
431,baie-comeau,49.2168,-68.1489,16.82,100,100,0.0,CA,1689583731
432,corsicana,32.0954,-96.4689,25.69,84,0,0.45,US,1689583732
433,juan griego,11.0817,-63.9655,25.63,91,46,4.0,VE,1689583732
434,mount isa,-20.7333,139.5,23.87,35,100,3.6,AU,1689583732
435,nova vicosa,-17.8919,-39.3719,20.56,95,25,2.39,BR,1689583732
436,ghadamis,30.1337,9.5007,37.64,8,7,5.29,LY,1689583733
437,buenavista tomatlan,19.2,-102.6,22.91,86,12,1.24,MX,1689583575
438,zykovo,55.9519,93.1461,24.44,76,55,3.07,RU,1689583733
439,el calafate,-50.3408,-72.2768,-4.99,73,12,1.64,AR,1689583733
440,vorkuta,67.5,64.0,16.49,83,100,5.77,RU,1689583733
441,salekhard,66.53,66.6019,19.35,66,100,5.3,RU,1689583734
442,shannon,52.7039,-8.8642,16.19,82,75,4.63,IE,1689583734
443,hilo,19.7297,-155.09,22.92,92,100,2.57,US,1689583734
444,serdar,38.9764,56.2757,34.12,32,60,6.53,TM,1689583734
445,altai,46.3722,96.2583,26.87,13,0,6.53,MN,1689583734
446,fort st. john,56.2499,-120.8529,12.94,76,75,3.6,CA,1689583734
447,sumbawa besar,-8.5,117.4333,28.94,46,4,4.15,ID,1689583735
448,cushing,35.9851,-96.767,24.66,88,0,2.06,US,1689583735
449,verkhnyaya sinyachikha,57.976,61.6673,25.47,45,34,4.2,RU,1689583735
450,pagar alam,-4.0167,103.2667,23.6,94,71,1.02,ID,1689583735
451,laojunmiao,39.8333,97.7333,30.21,12,0,7.22,CN,1689583736
452,singrauli,24.1997,82.6753,32.14,56,100,4.77,IN,1689583736
453,chinde,26.8418,88.0763,23.03,80,80,2.57,NP,1689583736
454,wellington,-41.2866,174.7756,10.81,90,65,4.12,NZ,1689583341
455,leh,34.1667,77.5833,23.13,32,53,2.35,IN,1689583736
456,sen monorom,12.45,107.2,21.29,98,100,2.69,KH,1689583737
457,nynashamn,58.9034,17.9479,20.62,68,76,7.87,SE,1689583737
458,najran,17.4924,44.1277,39.36,9,41,4.93,SA,1689583737
459,brokopondo,4.75,-55.1667,24.44,87,8,4.1,SR,1689583737
460,conduaga,8.862,117.4893,27.95,79,99,3.4,PH,1689583738
461,charlottetown,46.2352,-63.1267,20.99,88,75,8.49,CA,1689582982
462,flying fish cove,-10.4217,105.6791,25.82,78,100,4.63,CX,1689583738
463,bulakamba,-6.8748,108.9559,29.2,58,59,0.73,ID,1689583738
464,tanjung sepat,2.6579,101.5629,33.94,66,20,2.06,MY,1689583738
465,dudinka,69.4058,86.1778,10.9,82,100,7.24,RU,1689583739
466,weyburn,49.6668,-103.8511,8.12,81,25,1.03,CA,1689583739
467,borger,52.9233,6.7931,19.9,76,55,7.84,NL,1689583739
468,bodaybo,57.8506,114.1933,26.47,63,63,2.41,RU,1689583739
469,axim,4.8699,-2.2405,25.68,83,100,3.34,GH,1689583740
470,saint-joseph,-21.3667,55.6167,24.71,76,19,5.65,RE,1689583740
471,yanaul,56.2719,54.9309,21.64,69,97,5.09,RU,1689583740
472,saint-yrieix-la-perche,45.516,1.2057,20.35,63,100,1.54,FR,1689583740
473,st. john's,47.5649,-52.7093,18.97,97,75,8.75,CA,1689583518
474,verkhovazh'ye,60.7472,42.0465,27.25,35,71,1.0,RU,1689583740
475,san patricio,28.017,-97.5169,28.92,93,0,3.34,US,1689583741
476,amos,48.5669,-78.1162,13.42,98,37,1.92,CA,1689583741
477,navia,43.5354,-6.7194,19.81,63,4,2.59,ES,1689583741
478,viedma,-40.8135,-62.9967,2.09,68,15,3.84,AR,1689583741
479,selfoss,63.9331,-20.9971,12.25,58,9,4.95,IS,1689583742
480,viqueque,-8.8673,126.3658,24.45,83,93,3.35,TL,1689583742
481,mezhdurechensk,53.6942,88.0603,21.84,60,84,1.06,RU,1689583742
482,san ignacio,17.1561,-89.0714,24.08,94,0,0.0,BZ,1689583742
483,shchekino,54.0092,37.5119,23.47,50,0,3.82,RU,1689583616
484,lysyye gory,51.5506,44.8414,22.83,58,18,5.97,RU,1689583743
485,charters towers,-20.1,146.2667,18.39,64,53,2.33,AU,1689583743
486,kavieng,-2.5744,150.7967,28.12,79,99,3.47,PG,1689583743
487,suva,-18.1416,178.4415,21.71,94,75,3.6,FJ,1689583743
488,dalnerechensk,45.9339,133.7225,22.02,83,85,1.08,RU,1689583743
489,lucapa,-8.4192,20.7447,28.7,21,4,4.51,AO,1689583744
490,filingue,14.3521,3.3168,34.21,39,74,3.58,NE,1689583744
491,hammerfest,70.6634,23.6821,18.25,63,40,5.66,NO,1689583744
492,champerico,14.3,-91.9167,25.85,76,100,2.5,GT,1689583744
493,chibougamau,49.9168,-74.3659,15.79,94,100,1.96,CA,1689583744
494,gwadar,25.1216,62.3254,29.86,73,15,4.8,PK,1689583745
495,malanje,-9.5402,16.341,19.21,77,75,3.6,AO,1689583745
496,amungan,15.3652,119.9582,27.45,88,100,5.7,PH,1689583745
497,waat,51.1454,6.4958,21.66,63,40,3.6,DE,1689583746
498,safaga,26.7292,33.9365,34.27,41,0,3.26,EG,1689583746
499,harstad,68.799,16.5293,20.13,79,76,5.81,NO,1689583746
500,salalah,17.0151,54.0924,27.05,94,100,4.12,OM,1689583746
501,bahia de kino,28.8333,-111.9333,31.07,78,74,3.92,MX,1689583747
502,qui nhon,13.7667,109.2333,30.27,63,100,7.17,VN,1689583522
503,palangkaraya,-2.2,113.8333,30.02,60,100,1.75,ID,1689583747
504,al jawf,29.5,38.75,38.82,10,0,5.98,SA,1689583747
505,mount hagen,-5.8581,144.2274,18.42,82,40,5.14,PG,1689583747
506,puerto quijarro,-17.7833,-57.7667,20.26,68,0,2.1,BO,1689583748
507,quezon,7.7303,125.0989,26.44,88,80,0.99,PH,1689583748
508,auki,-8.7676,160.7034,25.51,90,99,1.08,SB,1689583748
509,san alberto,7.7611,-73.3922,23.66,85,81,1.38,CO,1689583748
510,shalkar,47.8288,59.6258,28.63,27,100,7.44,KZ,1689583748
511,parham,17.0968,-61.7705,27.83,66,40,4.63,AG,1689583749
512,karkala,13.2,74.9833,28.9,84,100,3.65,IN,1689583749
513,huoqiu chengguanzhen,32.3547,116.2939,30.15,68,27,4.37,CN,1689583749
514,amga,60.8953,131.9608,20.02,53,98,1.44,RU,1689583749
515,fortuna,40.5982,-124.1573,14.4,93,100,2.57,US,1689583749
516,kavaratti,10.5669,72.642,28.32,78,66,8.33,IN,1689583750
517,grafton,42.207,-71.6856,22.78,96,100,0.89,US,1689583750
518,vilyuysk,63.7553,121.6247,22.25,36,100,4.61,RU,1689583750
519,miri,4.4148,114.0089,33.08,70,20,3.09,MY,1689583750
520,nuuk,64.1835,-51.7216,9.34,93,75,16.46,GL,1689583750
521,bolotnoye,55.6717,84.3981,22.25,56,83,3.61,RU,1689583750
522,fort mcmurray,56.7268,-111.381,14.77,82,40,3.6,CA,1689583609
523,san fernando,15.0286,120.6898,27.85,85,100,3.32,PH,1689583751
524,caleta de carquin,-11.0925,-77.6267,18.6,86,63,3.95,PE,1689583751
525,jinchang,38.4953,102.1739,32.99,13,0,4.81,CN,1689583751
526,ugoofaaru,5.6667,73.0,28.7,73,97,7.15,MV,1689583751
527,sao jose da coroa grande,-8.8978,-35.1478,23.39,84,27,3.0,BR,1689583752
528,ko samui,9.5357,99.9357,29.95,70,75,4.12,TH,1689583752
529,belousovka,50.1339,82.5239,27.47,36,40,4.0,KZ,1689583752
530,karachayevsk,43.774,41.9142,17.5,72,68,3.37,RU,1689583752
531,tamanrasset,22.785,5.5228,31.95,14,8,4.63,DZ,1689583753
532,pasuquin,18.3328,120.6177,29.97,79,75,8.23,PH,1689583753
533,aldama,22.9167,-98.0667,27.5,95,32,1.04,MX,1689583753
534,justo daract,-33.8594,-65.1828,3.15,63,100,4.53,AR,1689583753
535,buckeye,33.3703,-112.5838,36.75,30,49,2.51,US,1689583175
536,lubango,-14.9172,13.4925,19.81,27,0,4.73,AO,1689583753
537,ceeldheer,3.8488,47.1806,30.54,51,46,12.07,SO,1689583754
538,berriane,32.8265,3.7669,34.47,8,0,5.61,DZ,1689583754
539,barakani,-12.1356,44.4317,25.75,72,25,6.24,KM,1689583754
540,bozeman,45.6796,-111.0386,18.68,61,0,2.24,US,1689583592
541,kill devil hills,36.0307,-75.676,27.21,98,0,0.0,US,1689583685
542,pokoynoye,44.8097,44.2517,24.53,39,72,6.16,RU,1689583755
543,umm kaddadah,13.6017,26.6876,34.06,35,13,5.08,SD,1689583755
544,nehe,48.4833,124.8333,29.78,35,100,3.37,CN,1689583755
545,kilju,40.9642,129.3278,21.83,90,98,1.04,KP,1689583755
546,vredendal,-31.6683,18.5012,21.33,36,9,2.64,ZA,1689583755
547,tak,16.5833,98.8333,25.84,88,95,2.01,TH,1689583755
548,madalena,41.2162,-8.3345,23.08,62,0,0.97,PT,1689583756
549,hassi messaoud,31.6804,6.0729,36.92,10,0,4.12,DZ,1689583756
550,belmopan,17.25,-88.7667,24.21,100,81,0.65,BZ,1689583756
551,markovo,57.3206,107.0881,23.59,57,83,0.76,RU,1689583756
552,princeville,45.7668,-61.2985,19.68,93,0,3.09,CA,1689583756
553,matonga,-2.3833,34.0833,29.3,23,57,2.27,TZ,1689583757
554,la romana,18.4273,-68.9728,25.61,89,99,4.97,DO,1689583757
555,tralee,52.2704,-9.7026,15.14,77,75,5.66,IE,1689583757
556,mzimba,-11.9,33.6,20.85,39,2,4.41,MW,1689583758
557,romorantin-lanthenay,47.4167,1.8333,22.72,60,0,1.03,FR,1689583758
558,yichang,30.7144,111.2847,33.59,43,0,4.52,CN,1689583758
559,aykhal,66.0,111.5,7.95,96,100,5.75,RU,1689583758
560,siniscola,40.5719,9.6922,31.75,38,0,1.77,IT,1689583758
561,xining,36.6167,101.7667,24.38,39,67,7.3,CN,1689583759
562,broome,42.2506,-75.833,19.74,89,0,1.54,US,1689583759
563,adwick le street,53.5734,-1.1884,17.84,72,51,4.5,GB,1689583759
564,sinfra,6.6167,-5.9167,23.36,95,100,1.65,CI,1689583759
565,acapulco de juarez,16.8634,-99.8901,26.38,86,87,2.93,MX,1689583760
566,talalayivka,50.9578,31.9209,28.64,36,10,0.96,UA,1689583760
567,topchanchi,23.9,86.2,32.49,57,100,5.6,IN,1689583760
568,dunbar,38.3606,-81.7374,19.02,98,40,0.0,US,1689583760
569,mangalia,43.8,28.5833,28.34,47,0,5.13,RO,1689583760
570,baiti,13.745,-14.7482,27.93,77,100,4.26,SN,1689583761
571,turabah,21.2141,41.6331,39.06,8,46,2.81,SA,1689583761
572,koundara,12.4833,-13.3,23.26,92,100,0.66,GN,1689583761
573,porangatu,-13.4408,-49.1486,22.37,46,14,0.94,BR,1689583761
574,arar,30.9753,41.0381,41.01,6,0,7.2,SA,1689583762
575,laibin,23.7,109.2667,27.73,71,81,8.32,CN,1689583762
576,uige,-7.6087,15.0613,31.25,19,0,4.07,AO,1689583762
577,wundanyi,-3.4019,38.364,22.12,41,36,5.5,KE,1689583762
578,kanye,-24.9667,25.3327,18.64,23,0,2.92,BW,1689583762
579,mendefera,14.8872,38.8153,24.19,48,46,2.8,ER,1689583763
580,reyes,-14.3167,-67.3833,21.15,85,90,0.56,BO,1689583763
